hash,날짜,처리시각
a57944294391506a2ef931a58f212c904714e748ac5bdacac09d1d0861632ea5,2026-08-12,08/12 10:01
a57944294391506a2ef931a58f212c904714e748ac5bdacac09d1d0861632ea5,2026-08-12,08/12 10:40
793f4cd8ec5698524879d9ce8389a5f9b4f2a6ce5323bd407deacd73d51f535a,2026-08-12,08/12 11:34
991a4e2b1ae11c340694dc2b764ca528455886d32ca021a2a9636beda8f7afb0,2026-08-12,08/12 12:57
33b6883a70f41abc8398ad85c4138e723ecdd712372e8da30950ccfec8d9d51c,2026-08-12,08/12 15:54
33b6883a70f41abc8398ad85c4138e723ecdd712372e8da30950ccfec8d9d51c,2026-08-12,08/12 15:59
33b6883a70f41abc8398ad85c4138e723ecdd712372e8da30950ccfec8d9d51c,2026-08-12,08/12 16:19
33b6883a70f41abc8398ad85c4138e723ecdd712372e8da30950ccfec8d9d51c,2026-08-12,08/12 16:22
991a4e2b1ae11c340694dc2b764ca528455886d32ca021a2a9636beda8f7afb0,2026-08-12,08/12 16:42
991a4e2b1ae11c340694dc2b764ca528455886d32ca021a2a9636beda8f7afb0,2026-08-12,08/12 16:42
428fe0541c586f5029f3aba2e94ae1c9c6713f9f8370b357eec829852b9d0cec,2026-08-13,08/13 15:12
428fe0541c586f5029f3aba2e94ae1c9c6713f9f8370b357eec829852b9d0cec,2026-08-13,08/13 15:13
